Year,Month,local_id,주거용,업무용,산업용
2019,01,11,1185166,3073583,158139
2019,01,21,410776,832108,663928
2019,01,22,287589,624067,525457
2019,01,23,364139,853145,1091839
2019,01,24,177568,369657,254248
2019,01,25,172545,500111,211934
2019,01,26,135730,371716,2506341
2019,01,31,1612446,4264425,5733529
2019,01,32,191146,919716,549600
2019,01,33,196127,722609,1545800
2019,01,34,257782,927161,3607154
2019,01,35,214101,662152,1183121
2019,01,36,210682,703482,2046577
2019,01,37,311765,1074143,2779165
2019,01,38,398723,1026839,1939332
2019,01,39,76635,257119,171241
2019,01,29,43160,110108,138756
2019,02,11,1152070,2826712,148917
2019,02,21,406636,778766,568307
2019,02,22,283729,584312,459195
2019,02,23,356468,781973,889882
2019,02,24,176590,342980,222229
2019,02,25,170717,461776,181698
2019,02,26,134533,346215,2140662
2019,02,31,1578328,3957894,5175958
2019,02,32,190820,829755,491836
2019,02,33,194241,672166,1372284
2019,02,34,255760,877494,3163776
2019,02,35,214100,631857,1052930
2019,02,36,210317,667414,1853331
2019,02,37,306834,1003113,2423526
2019,02,38,391175,971723,1680851
2019,02,39,75584,247203,182281
2019,02,29,43501,100421,122746
2019,03,11,1009646,2439889,133119
2019,03,21,351687,689707,610642
2019,03,22,246678,495691,470957
2019,03,23,310588,691932,1004226
2019,03,24,154941,300279,227388
2019,03,25,148279,411762,199914
2019,03,26,116736,349518,2343353
2019,03,31,1382953,3404518,5282477
2019,03,32,162981,691148,547286
2019,03,33,166602,567832,1511958
2019,03,34,221381,749171,3443667
2019,03,35,184898,539069,1210123
2019,03,36,181676,586078,2063776
2019,03,37,265966,884168,2718829
2019,03,38,341824,836880,1725111
2019,03,39,66245,222015,163471
2019,03,29,37891,89587,132157
2019,04,11,1055406,2401439,134706
2019,04,21,370974,680142,618119
2019,04,22,258196,488432,481943
2019,04,23,325039,656432,993953
2019,04,24,163841,297242,245823
2019,04,25,156537,399615,196986
2019,04,26,123052,322651,2231813
2019,04,31,1445524,3270111,5233081
2019,04,32,170342,657831,547865
2019,04,33,176028,550145,1498701
2019,04,34,232838,722815,3316981
2019,04,35,194688,517949,1174692
2019,04,36,190196,584183,2017533
2019,04,37,278065,838744,2646626
2019,04,38,355860,823973,1673890
2019,04,39,66887,219845,173284
2019,04,29,40099,88011,131473
2019,05,11,983667,2315208,121112
2019,05,21,344568,648735,602764
2019,05,22,240592,470905,459022
2019,05,23,302590,623156,987042
2019,05,24,153114,270223,229765
2019,05,25,143661,369290,194862
2019,05,26,114785,297155,2382355
2019,05,31,1345838,2963461,5107482
2019,05,32,155844,550659,560669
2019,05,33,161002,444955,1519723
2019,05,34,215587,632555,3446575
2019,05,35,181130,440235,1166998
2019,05,36,178778,518915,1924617
2019,05,37,259616,722768,2628629
2019,05,38,334040,747057,1583147
2019,05,39,60864,206395,145888
2019,05,29,37768,79874,132366
2019,06,11,1021355,2529701,124991
2019,06,21,348095,682930,602045
2019,06,22,245084,501858,457920
2019,06,23,307477,645952,944337
2019,06,24,154301,288455,231227
2019,06,25,145334,391939,195025
2019,06,26,116797,303524,2395069
2019,06,31,1368226,3052555,5084973
2019,06,32,154599,514289,543096
2019,06,33,162484,426519,1508130
2019,06,34,217233,592520,3443733
2019,06,35,180442,429808,1090138
2019,06,36,178182,511203,1739759
2019,06,37,261095,717987,2512402
2019,06,38,334442,760196,1542796
2019,06,39,60867,212266,130951
2019,06,29,38303,82292,134906
2019,07,11,1130245,2880319,136422
2019,07,21,358050,736313,630627
2019,07,22,255663,543541,474166
2019,07,23,333877,723987,981339
2019,07,24,161227,316480,248873
2019,07,25,150380,429432,207072
2019,07,26,118570,358031,2548353
2019,07,31,1465161,3358918,4906544
2019,07,32,157483,532498,540244
2019,07,33,168211,447025,1600067
2019,07,34,222795,617474,3635135
2019,07,35,183180,455866,1112104
2019,07,36,181959,553578,1913174
2019,07,37,268025,769321,2650870
2019,07,38,350716,799734,1658872
2019,07,39,65368,229639,125064
2019,07,29,38811,90630,144748
2019,08,11,1510847,3237107,149928
2019,08,21,488614,891152,586281
2019,08,22,356173,624556,452871
2019,08,23,456785,821144,948388
2019,08,24,217576,370470,233950
2019,08,25,206263,486627,206080
2019,08,26,164809,378911,2511066
2019,08,31,1973105,3766736,5973428
2019,08,32,206714,605679,547019
2019,08,33,229838,502789,1587913
2019,08,34,299550,681616,3630187
2019,08,35,245906,528401,1076982
2019,08,36,243184,642339,1899626
2019,08,37,365388,879200,2608202
2019,08,38,475761,921342,1571178
2019,08,39,95677,279450,132338
2019,08,29,51765,97751,139773
2019,09,11,1288905,2875060,141595
2019,09,21,445277,816122,585607
2019,09,22,309595,562055,442428
2019,09,23,390709,732586,907132
2019,09,24,196007,339582,221053
2019,09,25,188644,443811,194071
2019,09,26,152363,370866,2428126
2019,09,31,1707514,3416485,5143028
2019,09,32,182554,542006,537326
2019,09,33,201682,465757,1495536
2019,09,34,273785,638668,3340628
2019,09,35,223958,489744,1151930
2019,09,36,218185,594633,1932376
2019,09,37,312856,808989,2387684
2019,09,38,420296,862202,1531775
2019,09,39,83114,252796,125594
2019,09,29,53344,89938,133311
2019,10,11,1026727,2418848,122680
2019,10,21,361475,696456,618531
2019,10,22,249850,481810,457952
2019,10,23,313470,637657,870341
2019,10,24,158717,286473,218631
2019,10,25,148365,385116,194777
2019,10,26,121729,316418,2342365
2019,10,31,1392475,3022207,5104825
2019,10,32,160121,512813,560979
2019,10,33,166842,426077,1517280
2019,10,34,222798,588877,3330170
2019,10,35,185315,431018,1176627
2019,10,36,183547,529934,1903910
2019,10,37,268177,732999,2442552
2019,10,38,348901,758310,1564634
2019,10,39,66115,220416,116317
2019,10,29,40449,81444,138278
2019,11,11,1037161,2322409,121525
2019,11,21,361515,666657,605339
2019,11,22,254020,471628,455802
2019,11,23,319963,630910,971057
2019,11,24,159090,277372,226669
2019,11,25,150504,381283,190645
2019,11,26,121492,313149,2282181
2019,11,31,1435393,3142592,5150894
2019,11,32,169685,606722,569577
2019,11,33,173824,482812,1513636
2019,11,34,227336,656818,3454134
2019,11,35,190130,462219,1169286
2019,11,36,185786,522260,1790764
2019,11,37,277280,803686,2410168
2019,11,38,351872,780962,1595680
2019,11,39,63831,214901,125263
2019,11,29,40739,84604,138316
2019,12,11,1097870,2717669,137056
2019,12,21,377074,747569,618818
2019,12,22,265313,546723,479806
2019,12,23,340396,775877,994895
2019,12,24,166000,322187,223063
2019,12,25,157417,446472,196752
2019,12,26,125660,327832,2425069
2019,12,31,1521531,3808512,5469176
2019,12,32,178799,768219,560345
2019,12,33,182951,612727,1560025
2019,12,34,240287,811655,3448754
2019,12,35,199481,565632,1164479
2019,12,36,196135,635490,1891801
2019,12,37,291363,952286,2452276
2019,12,38,372380,900831,1738707
2019,12,39,69800,233353,136203
2019,12,29,41876,101637,135342
2020,01,11,1172543,2881635,142846
2020,01,21,409067,821868,601493
2020,01,22,285958,598938,476929
2020,01,23,363937,807766,936329
2020,01,24,179055,352544,224932
2020,01,25,170132,485405,197590
2020,01,26,135479,357451,2420906
2020,01,31,1630255,4119709,5528375
2020,01,32,193282,848597,505530
2020,01,33,197673,689404,1514057
2020,01,34,259122,896268,3416414
2020,01,35,215084,627078,1180528
2020,01,36,212957,668205,1892310
2020,01,37,311656,1016101,2432581
2020,01,38,401271,992474,1775185
2020,01,39,77692,256852,156574
2020,01,29,45624,110239,132979
2020,02,11,1164350,2735225,137815
2020,02,21,413059,781141,588016
2020,02,22,287642,565030,461895
2020,02,23,362782,765934,933616
2020,02,24,180774,336914,222378
2020,02,25,171238,462978,196622
2020,02,26,137299,353974,2216161
2020,02,31,1625298,3900613,5327913
2020,02,32,194226,810765,496663
2020,02,33,197726,641549,1465052
2020,02,34,260557,861068,3255614
2020,02,35,218731,609381,1075120
2020,02,36,216021,697869,1705166
2020,02,37,314253,963531,2285028
2020,02,38,404259,954088,1767485
2020,02,39,78516,243870,169858
2020,02,29,45959,104055,133260
2020,03,11,1096475,2430766,130202
2020,03,21,386044,675111,608954
2020,03,22,272848,462231,465485
2020,03,23,339840,685005,973137
2020,03,24,169153,299353,228379
2020,03,25,159805,413902,197621
2020,03,26,129140,327520,2399461
2020,03,31,1527652,3464703,5409496
2020,03,32,179974,681412,539481
2020,03,33,182702,562271,1546138
2020,03,34,241686,770005,3403794
2020,03,35,200545,527843,1011693
2020,03,36,198826,622026,1783065
2020,03,37,293550,802552,2384037
2020,03,38,379077,831119,1744578
2020,03,39,72711,217262,161397
2020,03,29,42995,94668,142884
2020,04,11,1098846,2193736,118383
2020,04,21,393433,638623,575011
2020,04,22,276065,434908,426838
2020,04,23,341388,613539,929895
2020,04,24,172634,281237,206787
2020,04,25,163371,375281,181677
2020,04,26,131711,304131,2266394
2020,04,31,1541011,3141585,5105893
2020,04,32,180894,607464,557647
2020,04,33,185066,493091,1477501
2020,04,34,244974,682218,3145326
2020,04,35,204818,483575,954005
2020,04,36,202124,588086,1797414
2020,04,37,296741,751334,2265206
2020,04,38,378695,784273,1572478
2020,04,39,72204,207487,165569
2020,04,29,44245,84571,135789
2020,05,11,1037109,2154002,104726
2020,05,21,364865,620515,524718
2020,05,22,256941,433360,353970
2020,05,23,323277,583374,894460
2020,05,24,162424,264957,183482
2020,05,25,151937,363337,170181
2020,05,26,122140,279365,2283492
2020,05,31,1452608,2934608,4919373
2020,05,32,168553,536248,520647
2020,05,33,172638,450278,1452145
2020,05,34,229533,623722,3066777
2020,05,35,192220,432557,922659
2020,05,36,190285,514538,1730383
2020,05,37,276647,715785,2085020
2020,05,38,356048,735619,1355196
2020,05,39,66407,200058,142109
2020,05,29,41341,80596,130364
2020,06,11,1110632,2500400,119260
2020,06,21,370519,688480,556015
2020,06,22,267361,499240,383096
2020,06,23,334429,627763,910982
2020,06,24,167027,295520,222757
2020,06,25,157068,406165,193002
2020,06,26,123228,300486,2086768
2020,06,31,1514236,3167141,5179460
2020,06,32,168054,523045,518326
2020,06,33,176651,434518,1502441
2020,06,34,233678,618249,3197747
2020,06,35,193929,439900,899726
2020,06,36,190688,515471,1655314
2020,06,37,280307,729932,2046573
2020,06,38,360528,788984,1420199
2020,06,39,67293,215903,125017
2020,06,29,42855,87812,138681
2020,07,11,1190186,2755448,128390
2020,07,21,377832,743489,580215
2020,07,22,274258,532444,415056
2020,07,23,348637,682415,931228
2020,07,24,172967,309981,240788
2020,07,25,164014,433239,202180
2020,07,26,125140,315903,2279119
2020,07,31,1580651,3399839,5425576
2020,07,32,168927,531855,517726
2020,07,33,181473,450468,1581116
2020,07,34,240709,645528,3359368
2020,07,35,195712,457269,914234
2020,07,36,194467,548852,1782607
2020,07,37,282695,767064,2231332
2020,07,38,371522,823434,1503245
2020,07,39,72471,234044,117941
2020,07,29,45058,93635,145992
2020,08,11,1381160,2928406,128966
2020,08,21,473638,843973,566173
2020,08,22,329262,585819,403844
2020,08,23,419523,733900,922306
2020,08,24,212061,340681,233186
2020,08,25,187998,464019,199815
2020,08,26,152399,346721,2372331
2020,08,31,1868562,3625838,5482051
2020,08,32,194720,581646,487142
2020,08,33,212219,478046,1566027
2020,08,34,285318,668996,3457373
2020,08,35,236676,506196,915611
2020,08,36,246561,617925,1825202
2020,08,37,345970,855845,2268418
2020,08,38,472966,933992,1433906
2020,08,39,101525,283506,126647
2020,08,29,50666,99184,144172
2020,09,11,1429411,2719212,135722
2020,09,21,511843,829863,602560
2020,09,22,366007,577850,454512
2020,09,23,434803,686796,990502
2020,09,24,232472,332533,245359
2020,09,25,218534,452290,203154
2020,09,26,177919,375828,2298114
2020,09,31,1977828,3436342,5498169
2020,09,32,212278,559408,542033
2020,09,33,235968,471552,1600342
2020,09,34,317152,664001,3382032
2020,09,35,261414,500843,1041027
2020,09,36,255819,600475,1933154
2020,09,37,362856,848896,2369615
2020,09,38,483401,886816,1601433
2020,09,39,100073,257471,124363
2020,09,29,65247,95631,149846
2020,10,11,1054269,2155341,103801
2020,10,21,364706,640624,549992
2020,10,22,254063,445042,403408
2020,10,23,324640,583936,875234
2020,10,24,162873,262700,219134
2020,10,25,151423,394125,184069
2020,10,26,122082,297534,2351153
2020,10,31,1480196,2931616,5095858
2020,10,32,167904,517361,551611
2020,10,33,172302,418416,1499909
2020,10,34,230307,596851,2892987
2020,10,35,190097,411681,993175
2020,10,36,188158,511829,1812680
2020,10,37,273999,734679,2266481
2020,10,38,351687,751071,1467455
2020,10,39,66005,210047,114717
2020,10,29,44175,82974,138912
2020,11,11,1085618,2250356,114704
2020,11,21,375466,649313,599100
2020,11,22,264569,472083,454070
2020,11,23,338975,631356,915120
2020,11,24,167079,277441,236914
2020,11,25,158121,361679,193930
2020,11,26,124906,304818,2283424
2020,11,31,1544219,3207661,5390699
2020,11,32,178181,614284,568186
2020,11,33,183232,500796,1575081
2020,11,34,240430,666792,3101524
2020,11,35,198827,470294,1026348
2020,11,36,195813,568581,1652599
2020,11,37,287765,796227,2372228
2020,11,38,366075,822359,1659380
2020,11,39,67901,218533,124988
2020,11,29,44455,91407,152192
2020,12,11,1162100,2604402,131463
2020,12,21,397009,760474,620748
2020,12,22,276798,553546,487188
2020,12,23,362643,739667,989429
2020,12,24,175508,316752,242353
2020,12,25,165991,450227,203076
2020,12,26,130255,331890,2393073
2020,12,31,1645029,3800888,5807996
2020,12,32,190107,758033,547840
2020,12,33,194233,609813,1629983
2020,12,34,255075,791337,3220184
2020,12,35,210993,557020,1062084
2020,12,36,208956,642298,1807230
2020,12,37,304589,936140,2445977
2020,12,38,393001,924092,1822565
2020,12,39,75111,239563,141585
2020,12,29,46364,107083,157294
2021,01,11,1296892,2957878,145639
2021,01,21,445066,780568,636644
2021,01,22,309709,628514,505614
2021,01,23,404522,841610,1012491
2021,01,24,195429,366805,249628
2021,01,25,186458,512600,213744
2021,01,26,146725,374594,2422465
2021,01,31,1839465,4391913,6088209
2021,01,32,217506,901509,510795
2021,01,33,219869,731791,1644748
2021,01,34,288566,934173,3211455
2021,01,35,236602,654577,1105956
2021,01,36,233837,744261,1866558
2021,01,37,341390,1070394,2586696
2021,01,38,437427,1054684,1957129
2021,01,39,87794,252712,177749
2021,01,29,52480,122502,159192
2021,02,11,1239042,2754851,140151
2021,02,21,429626,759512,573195
2021,02,22,300322,577655,465010
2021,02,23,388677,775723,925030
2021,02,24,189546,340267,237413
2021,02,25,182892,471004,193244
2021,02,26,143187,331983,2171623
2021,02,31,1773486,4084601,5606085
2021,02,32,210982,847219,481403
2021,02,33,213163,680359,1480078
2021,02,34,280398,885932,2873114
2021,02,35,229207,615794,985232
2021,02,36,226386,703053,1809460
2021,02,37,327694,987291,2358388
2021,02,38,415886,984002,1731442
2021,02,39,82459,241594,179269
2021,02,29,53385,111043,139581
2021,03,11,1064710,2365228,120812
2021,03,21,370842,678574,607074
2021,03,22,260220,495944,466582
2021,03,23,335626,681654,1004021
2021,03,24,164434,295911,237415
2021,03,25,155500,413927,202527
2021,03,26,122957,307055,2382588
2021,03,31,1528106,3490917,5649262
2021,03,32,177664,692867,524541
2021,03,33,179011,561480,1604419
2021,03,34,237405,746554,3093425
2021,03,35,195993,519164,1055994
2021,03,36,195854,640150,1888000
2021,03,37,283531,878627,2459312
2021,03,38,365227,859153,1767280
2021,03,39,71170,221324,158310
2021,03,29,44544,98310,153144
2021,04,11,1088228,2236928,124100
2021,04,21,385927,655968,612444
2021,04,22,268708,478033,463280
2021,04,23,343820,625424,982915
2021,04,24,170284,286440,239327
2021,04,25,162563,388456,200303
2021,04,26,128479,317562,2270571
2021,04,31,1569568,3222217,5546553
2021,04,32,178952,615469,540093
2021,04,33,184057,528578,1561368
2021,04,34,244715,663008,2968849
2021,04,35,203404,486654,1035412
2021,04,36,200173,567067,1903252
2021,04,37,290495,834828,2494287
2021,04,38,371558,803647,1706345
2021,04,39,71797,225178,164847
2021,04,29,46894,91899,148729
2021,05,11,1037349,2174433,112979
2021,05,21,362825,624555,584840
2021,05,22,252834,457612,442968
2021,05,23,326685,597521,980053
2021,05,24,161234,269470,229046
2021,05,25,151816,368560,188596
2021,05,26,120716,298659,2263421
2021,05,31,1494817,3027494,5502618
2021,05,32,168101,584272,539327
2021,05,33,172405,469611,1590662
2021,05,34,230502,599058,3047966
2021,05,35,190504,437351,1039835
2021,05,36,188520,534865,1998716
2021,05,37,274339,769430,2556754
2021,05,38,352036,750572,1610185
2021,05,39,66604,219098,145255
2021,05,29,43857,86462,144865
2021,06,11,1103096,2476431,122093
2021,06,21,376662,686828,613462
2021,06,22,264565,505638,462349
2021,06,23,341781,652072,1006843
2021,06,24,168214,297815,247705
2021,06,25,159382,409201,206125
2021,06,26,124792,333316,2227344
2021,06,31,1563636,3292013,5657148
2021,06,32,170905,570802,532466
2021,06,33,179449,479059,1625031
2021,06,34,239272,587932,2943659
2021,06,35,194877,451723,1050850
2021,06,36,192726,527678,1927700
2021,06,37,281034,791259,2433783
2021,06,38,362029,803122,1657646
2021,06,39,70398,234487,132559
2021,06,29,46213,93803,152874
2021,07,11,1360522,2908669,137360
2021,07,21,420392,796379,644608
2021,07,22,292485,570728,481449
2021,07,23,411503,749536,1030257
2021,07,24,190071,341885,258988
2021,07,25,177151,467616,217669
2021,07,26,133045,353921,2394865
2021,07,31,1845645,3696753,6055053
2021,07,32,181682,566223,572916
2021,07,33,197238,511321,1695877
2021,07,34,265144,643173,3228898
2021,07,35,213226,492748,1097487
2021,07,36,216369,579023,2060956
2021,07,37,307665,852004,2542530
2021,07,38,416514,862936,1729159
2021,07,39,86613,270374,129850
2021,07,29,49119,105239,160939
2021,08,11,1805751,3149879,148237
2021,08,21,557261,874654,605302
2021,08,22,389968,621863,449547
2021,08,23,555107,807431,1024947
2021,08,24,252671,378914,244935
2021,08,25,246980,504451,214349
2021,08,26,183178,366059,2362485
2021,08,31,2468355,3967366,5760641
2021,08,32,242633,623446,583055
2021,08,33,270848,554654,1682360
2021,08,34,364013,683454,3209931
2021,08,35,283998,552301,1087028
2021,08,36,281142,642875,2149032
2021,08,37,400129,932962,2433617
2021,08,38,537914,955194,1635708
2021,08,39,111501,295830,136977
2021,08,29,71039,110752,157209
2021,09,11,1306689,2704284,134108
2021,09,21,464201,782966,595120
2021,09,22,307318,541515,452553
2021,09,23,410626,709487,945057
2021,09,24,204989,338495,238273
2021,09,25,191805,438456,200584
2021,09,26,152513,335461,2373587
2021,09,31,1835426,3488847,6047525
2021,09,32,191598,549943,571011
2021,09,33,207718,493819,1609373
2021,09,34,285912,627500,3064909
2021,09,35,230688,500224,1060143
2021,09,36,234508,597662,2004593
2021,09,37,318219,829140,2530676
2021,09,38,433670,873837,1598937
2021,09,39,97369,266610,131568
2021,09,29,60033,99654,149663
2021,10,11,1106205,2358219,114189
2021,10,21,385219,706026,589639
2021,10,22,264572,487316,423189
2021,10,23,348830,642121,934070
2021,10,24,171532,300577,233493
2021,10,25,158813,397247,198297
2021,10,26,126664,315801,2354704
2021,10,31,1577530,3214512,5595162
2021,10,32,173753,524754,582372
2021,10,33,179112,464456,1589354
2021,10,34,241926,609404,3003891
2021,10,35,196875,445640,1036947
2021,10,36,198831,553454,1974208
2021,10,37,284336,769795,2573644
2021,10,38,369253,798294,1530326
2021,10,39,77291,246548,123108
2021,10,29,47279,92964,146457
2021,11,11,1101162,2317422,118555
2021,11,21,383089,691908,599219
2021,11,22,270835,489716,460510
2021,11,23,352653,661782,931980
2021,11,24,171344,292729,246738
2021,11,25,162384,399855,191571
2021,11,26,127439,338719,2280126
2021,11,31,1609745,3376074,5775244
2021,11,32,184286,631787,590103
2021,11,33,187810,538099,1608009
2021,11,34,248004,666027,3194662
2021,11,35,201776,488194,1046098
2021,11,36,200563,551971,1927182
2021,11,37,294335,819806,2495692
2021,11,38,373424,822880,1672617
2021,11,39,72193,237600,128384
2021,11,29,48302,97909,151077
2021,12,11,1146475,2684746,132477
2021,12,21,393771,757230,636218
2021,12,22,279789,562821,492200
2021,12,23,366950,779483,1012890
2021,12,24,176165,330591,254656
2021,12,25,166905,453890,193683
2021,12,26,129029,333031,2444440
2021,12,31,1669471,4000495,6133978
2021,12,32,191652,773857,608045
2021,12,33,194943,650834,1661086
2021,12,34,258853,784653,3345271
2021,12,35,211747,575912,1076681
2021,12,36,209908,617226,2139111
2021,12,37,306075,951887,2596237
2021,12,38,391114,922216,1820678
2021,12,39,76295,252675,144320
2021,12,29,48961,753406,155567
2022,01,11,1268167,3098081,151768
2022,01,21,434004,841688,645226
2022,01,22,304837,633953,510725
2022,01,23,407497,897333,1075778
2022,01,24,192007,376212,257662
2022,01,25,183876,515633,213714
2022,01,26,141911,364383,2401631
2022,01,29,54158,-512498,159627
2022,01,31,1845233,4664460,6454270
2022,01,32,215240,913219,570722
2022,01,33,216079,765932,1686378
2022,01,34,286820,923233,3397096
2022,01,35,229834,666930,1112546
2022,01,36,231489,696449,2160337
2022,01,37,334354,1081615,2749036
2022,01,38,427159,1058922,1944117
2022,01,39,86998,282986,183369
2022,02,11,1249190,2933022,145161
2022,02,21,436000,803817,576829
2022,02,22,306579,605954,476091
2022,02,23,404692,832007,944808
2022,02,24,192382,358340,237813
2022,02,25,185326,490928,196264
2022,02,26,143347,340012,2191299
2022,02,29,55578,119856,144882
2022,02,31,1829616,4432269,5952653
2022,02,32,215765,892132,512682
2022,02,33,217161,740408,1534254
2022,02,34,287818,1043826,3101634
2022,02,35,232182,651986,1020732
2022,02,36,232173,671140,1983719
2022,02,37,333806,1052660,2462368
2022,02,38,423178,1012818,1773431
2022,02,39,87711,278040,195108
2022,03,11,1108591,2573923,130487
2022,03,21,384909,741704,617985
2022,03,22,269846,533183,483313
2022,03,23,359210,765953,1013754
2022,03,24,170870,320672,243857
2022,03,25,163341,446335,200752
2022,03,26,125864,321081,2416910
2022,03,29,49147,108823,155466
2022,03,31,1623139,3915606,6094534
2022,03,32,186426,745414,551798
2022,03,33,187361,642338,1647608
2022,03,34,250327,630901,3295169
2022,03,35,201151,564893,1087090
2022,03,36,201530,604589,2199200
2022,03,37,292197,935746,2675302
2022,03,38,375995,898029,1822393
2022,03,39,76996,245988,179084
2022,04,11,1096677,2368957,121342
2022,04,21,395933,694334,604113
2022,04,22,276233,499782,471986
2022,04,23,360832,671568,988933
2022,04,24,175471,300715,236705
2022,04,25,169188,415578,194734
2022,04,26,130896,302429,2276729
2022,04,29,51148,99702,152403
2022,04,31,1638252,3531841,5890683
2022,04,32,188334,652914,568839
2022,04,33,192642,568556,1606517
2022,04,34,256404,720419,3111406
2022,04,35,207866,515649,1032627
2022,04,36,206541,572105,2072763
2022,04,37,297770,878856,2551081
2022,04,38,377952,851381,1715386
2022,04,39,75327,243817,175936
2022,05,11,1042289,2330403,111589
2022,05,21,365442,671896,594495
2022,05,22,254325,485495,452564
2022,05,23,332217,634458,973360
2022,05,24,160248,278806,233364
2022,05,25,152645,396014,193748
2022,05,26,118477,298948,2329360
2022,05,29,45795,93576,151617
2022,05,31,1502518,3315339,5814815
2022,05,32,167868,569280,587853
2022,05,33,172050,483716,1620874
2022,05,34,230409,639612,3089143
2022,05,35,187318,445124,1037715
2022,05,36,187263,524621,2068173
2022,05,37,271067,798758,2581108
2022,05,38,349240,792825,1614974
2022,05,39,67546,232275,152356
2022,06,11,1084938,2603546,119384
2022,06,21,374568,743916,604517
2022,06,22,271074,548040,468647
2022,06,23,346122,690766,933361
2022,06,24,166889,311626,239049
2022,06,25,157946,436613,198524
2022,06,26,122153,319147,2169075
2022,06,29,46961,99191,155215
2022,06,31,1562740,3547743,5748616
2022,06,32,170498,568083,561801
2022,06,33,176904,491601,1647243
2022,06,34,237724,644700,3123150
2022,06,35,190849,465969,1065132
2022,06,36,190956,547418,2009502
2022,06,37,281274,806426,2484777
2022,06,38,359061,841544,1621758
2022,06,39,69758,249960,138580
2022,07,11,1401278,3094563,136249
2022,07,21,462714,858680,623586
2022,07,22,352692,645668,497051
2022,07,23,442033,810080,1020802
2022,07,24,210801,371045,256952
2022,07,25,200021,512362,218035
2022,07,26,149526,358776,2393895
2022,07,29,55278,112612,165726
2022,07,31,1974596,4071731,6505491
2022,07,32,200698,613072,577882
2022,07,33,222445,548535,1787573
2022,07,34,293100,684258,3315366
2022,07,35,231331,535829,1117737
2022,07,36,234964,629083,2122834
2022,07,37,353676,895593,2640542
2022,07,38,452182,947066,1695533
2022,07,39,97702,300188,133667
2022,08,11,1660450,3272563,140582
2022,08,21,565657,925959,597182
2022,08,22,403228,661041,468468
2022,08,23,530130,861267,970166
2022,08,24,250701,391060,250253
2022,08,25,238299,525858,208832
2022,08,26,181410,378273,2342449
2022,08,29,72012,117073,161995
2022,08,31,2345949,4316065,6264636
2022,08,32,234460,650473,574191
2022,08,33,263511,569315,1743770
2022,08,34,353235,747557,3256771
2022,08,35,276791,565002,1087609
2022,08,36,281917,674984,2135739
2022,08,37,398866,922735,2564086
2022,08,38,541131,1012147,1609490
2022,08,39,122779,329717,144208
2022,09,11,1321934,2843930,127321
2022,09,21,477572,817251,560512
2022,09,22,329788,573367,455288
2022,09,23,429158,761505,929772
2022,09,24,216161,355096,235630
2022,09,25,202773,462900,192578
2022,09,26,158966,360865,2220211
2022,09,29,66933,106465,156035
2022,09,31,1909497,3807222,5918737
2022,09,32,200722,584107,564596
2022,09,33,220629,520498,1649908
2022,09,34,298896,704039,3056592
2022,09,35,239152,514988,1035827
2022,09,36,239998,611140,2036556
2022,09,37,330008,830650,2236527
2022,09,38,441996,912380,1567319
2022,09,39,100256,288988,133531
2022,10,11,1085740,2412087,110496
2022,10,21,381108,706122,577513
2022,10,22,261969,495332,453686
2022,10,23,354052,666978,889904
2022,10,24,170660,299008,221910
2022,10,25,159921,405314,190347
2022,10,26,123131,331858,2138119
2022,10,29,49478,97343,151812
2022,10,31,1584554,3383310,5818448
2022,10,32,173635,553578,581068
2022,10,33,180281,484680,1649562
2022,10,34,243623,653550,3009821
2022,10,35,193988,454092,1053494
2022,10,36,193595,547301,2295071
2022,10,37,276801,781639,2298410
2022,10,38,359444,806229,1587832
2022,10,39,72006,248740,124258
2022,11,11,1079581,2345238,112280
2022,11,21,379512,671182,585921
2022,11,22,267929,489285,478081
2022,11,23,356392,675191,961317
2022,11,24,167877,287701,234945
2022,11,25,160764,399852,189289
2022,11,26,124106,302881,2086072
2022,11,29,48966,98500,159744
2022,11,31,1605675,3467215,5992445
2022,11,32,183291,645913,579843
2022,11,33,186573,541766,1661027
2022,11,34,247360,678535,3126659
2022,11,35,197011,473245,1065750
2022,11,36,195675,571308,1565376
2022,11,37,287344,852912,2399250
2022,11,38,364330,819144,1679567
2022,11,39,70147,241152,129944
2022,12,11,1151263,2829389,126197
2022,12,21,397004,776856,597920
2022,12,22,281969,576695,495075
2022,12,23,382592,841787,991067
2022,12,24,175613,334483,234270
2022,12,25,168019,471061,199477
2022,12,26,128368,342822,2283786
2022,12,29,49984,119289,162170
2022,12,31,1706376,4242090,6252630
2022,12,32,195303,800470,573335
2022,12,33,199064,670446,1715005
2022,12,34,264820,842186,3213461
2022,12,35,210103,577013,1093903
2022,12,36,210855,649969,2108754
2022,12,37,306159,986932,2370683
2022,12,38,391633,941248,1802069
2022,12,39,78040,262398,145783
2023,01,11,1269195,3238600,147119
2023,01,21,440181,875305,599132
2023,01,22,311354,663390,508479
2023,01,23,422788,944018,1020254
2023,01,24,193042,392102,242704
2023,01,25,188096,543992,202605
2023,01,26,142319,371359,2240602
2023,01,29,56982,135560,160540
2023,01,31,1895769,4922636,6541490
2023,01,32,222396,961197,562812
2023,01,33,224705,810853,1712316
2023,01,34,298268,1007257,3361036
2023,01,35,233996,704434,1089461
2023,01,36,234219,735426,2194735
2023,01,37,338519,1146158,2738184
2023,01,38,430579,1091586,1904761
2023,01,39,89572,294824,183979
2023,02,11,1219905,2955820,137202
2023,02,21,434565,818014,595019
2023,02,22,306231,621164,489493
2023,02,23,409624,857382,986070
2023,02,24,188519,365114,239494
2023,02,25,185168,500528,196350
2023,02,26,141434,341947,2105115
2023,02,29,56371,122100,152550
2023,02,31,1831916,4459517,6281109
2023,02,32,217555,897449,519173
2023,02,33,218261,745169,1597718
2023,02,34,290720,931382,2835479
2023,02,35,228537,654357,1027714
2023,02,36,229917,702072,2007048
2023,02,37,330474,1102832,2429856
2023,02,38,419079,1028839,1894638
2023,02,39,87546,281406,199778
2023,03,11,1046631,2482826,116849
2023,03,21,369696,713846,593545
2023,03,22,261679,514962,475021
2023,03,23,352077,740358,961278
2023,03,24,162718,309917,233504
2023,03,25,156452,426697,181915
2023,03,26,120245,309927,2183230
2023,03,29,47566,106974,158011
2023,03,31,1571328,3820619,5774828
2023,03,32,179121,711540,541102
2023,03,33,179807,601772,1663018
2023,03,34,243241,772426,3107610
2023,03,35,192526,539233,1047273
2023,03,36,193007,580548,2084859
2023,03,37,277999,883008,2589684
2023,03,38,360329,866105,1795307
2023,03,39,73408,245464,173491
2023,04,11,1070841,2320610,111031
2023,04,21,386345,689715,579424
2023,04,22,270104,486646,462787
2023,04,23,359562,679141,954107
2023,04,24,169084,294136,227630
2023,04,25,162064,399429,175916
2023,04,26,124859,306599,2139657
2023,04,29,49190,98917,153256
2023,04,31,1606382,3470777,5678715
2023,04,32,180051,627511,539428
2023,04,33,184571,536771,1587507
2023,04,34,249184,682840,2934314
2023,04,35,199280,491757,1016560
2023,04,36,199674,554846,1952849
2023,04,37,284146,822279,2461602
2023,04,38,367453,838134,1674977
2023,04,39,73486,244646,170033
2023,05,11,1027113,2342028,104512
2023,05,21,369753,686708,564546
2023,05,22,257791,483279,454519
2023,05,23,345149,673601,957148
2023,05,24,161990,281612,222955
2023,05,25,153351,397313,172705
2023,05,26,119270,303256,2233167
2023,05,29,46798,96063,155479
2023,05,31,1537657,3384864,5559137
2023,05,32,169786,566584,557033
2023,05,33,174315,490525,1617889
2023,05,34,236310,641810,2956273
2023,05,35,188526,450557,998302
2023,05,36,191491,522145,1972612
2023,05,37,270866,758799,2360045
2023,05,38,355111,784677,1612911
2023,05,39,70045,238572,149097
2023,06,11,1108249,2646194,113349
2023,06,21,386573,756757,561392
2023,06,22,275024,546752,490803
2023,06,23,364724,726152,930150
2023,06,24,169138,311623,231998
2023,06,25,160877,435683,184459
2023,06,26,123878,334619,2051021
2023,06,29,48800,104385,161760
2023,06,31,1614742,3600484,5888667
2023,06,32,171252,566687,554321
2023,06,33,180400,500047,1665566
2023,06,34,245832,666747,3062258
2023,06,35,192887,465520,996459
2023,06,36,194543,533857,1913220
2023,06,37,277394,802156,2390466
2023,06,38,365530,829608,1646326
2023,06,39,72603,257499,130080
